Designators,Qty/Board,Value,Footprint,LCSC,Part Number,Manufacturer,Package,Description,Unit Price(USD),Ext.Price(USD),Status,Notes,Link
C1;C4;C5;C7;C9;C14;C17;C19;C23;C26;C28;C31;C34;C37;C38;C39;C42;C43;C45;C47;C50;C53;C72;C80;C81;C106;C109;C135;C138;C163;C166;C185;C186;C189,34,100nF,C_0603_1608Metric,C1591,CL10B104KB8NNNC,Samsung Electro-Mechanics,0603,100nF ±10% 50V X7R 0603,0.0142,0.48,KEEP,50V is fine on the 24V VSYS rail,https://www.lcsc.com/product-detail/C1591.html
C49;C52;C61;C62;C67;C68;C79;C82;C92;C93;C94;C95;C107;C108;C119;C120;C121;C122;C136;C137;C149;C150;C151;C152;C164;C165;C177;C178;C179;C180,30,1nF,C_0603_1608Metric,C163508,CL10C102JB8NNNC,Samsung Electro-Mechanics,0603,1nF ±5% 50V C0G 0603,0.0076,0.23,KEEP,,https://www.lcsc.com/product-detail/C163508.html
C2;C8;C12;C13;C40;C41;C44;C46;C48;C75;C76;C77;C102;C103;C105;C131;C132;C134;C157;C158;C159;C160;C162;C188;C190,25,1uF,C_0603_1608Metric,C29936,CL10B105KA8NNNC,Samsung Electro-Mechanics,0603,1uF ±10% 25V X7R 0603,0.0218,0.55,KEEP,Highest applied voltage is ~7V (GVDD); 25V is ample,https://www.lcsc.com/product-detail/C29936.html
C24;C63;C64;C69;C70;C96;C97;C98;C99;C123;C124;C125;C126;C153;C154;C155;C156;C181;C182;C183;C184,21,10nF,C_0603_1608Metric,C85973,GRM1885C1H103JA01D,muRata,0603,10nF ±5% 50V C0G 0603,0.0547,1.15,KEEP,Zobel networks + VSYS bypass; 50V OK,https://www.lcsc.com/product-detail/C85973.html
C55;C56;C57;C58;C84;C85;C86;C87;C111;C112;C113;C114;C141;C142;C143;C144;C169;C170;C171;C172,20,220nF,C_0603_1608Metric,C64705,CL10B224KB8NNNC,Samsung Electro-Mechanics,0603,220nF ±10% 50V X7R 0603,0.0121,0.24,KEEP,Class-D bootstrap caps; TI asks for >=16V so 50V is fine,https://www.lcsc.com/product-detail/C64705.html
C59;C60;C65;C66;C88;C89;C90;C91;C115;C116;C117;C118;C145;C146;C147;C148;C173;C174;C175;C176,20,680nF,C_0603_1608Metric,C694504,CGA3E3X5R1H684KT0Y0N,TDK,0603,680nF ±10% 50V X5R 0603,0.1052,2.10,CHANGED,Was 25V on a node that idles at 12V and swings to 24V. X5R not X7R - if you can enlarge to 0805 then C107133 is a better and cheaper part,https://www.lcsc.com/product-detail/C694504.html
C10;C11;C35;C36;C71,5,2.2nF,C_0603_1608Metric,C16033,CL10B222KB8NNNC,Samsung Electro-Mechanics,0603,2.2nF ±10% 50V X7R 0603,0.0061,0.03,KEEP,PCM5102A output filter,https://www.lcsc.com/product-detail/C16033.html
C20;C21;C29;C30,4,2.2uF,C_0603_1608Metric,C57895,CL10A225KA8NNNC,Samsung Electro-Mechanics,0603,2.2uF ±10% 25V X5R 0603,0.0231,0.09,KEEP,PCM5102A charge pump,https://www.lcsc.com/product-detail/C57895.html
C6,1,22uF,C_0603_1608Metric,C86295,CL10A226MP8NUNE,Samsung Electro-Mechanics,0603,22uF ±20% 10V X5R 0603,0.0825,0.08,KEEP,On the 3V3 rail,https://www.lcsc.com/product-detail/C86295.html
C187,1,6.8pF,C_0603_1608Metric,C519114,CC0603BRNPO9BN6R8,YAGEO,0603,6.8pF 50V NP0 0603,0.0038,0.00,NEW,TPS54540 COMP high-frequency pole,https://www.lcsc.com/product-detail/C519114.html
C130,1,7.5nF,C_0603_1608Metric,C907758,GRM1885C1H752JA01D,muRata,0603,7.5nF ±5% 50V C0G 0603,0.0156,0.02,NEW,TPS54540 COMP zero. Only ~1.3k in stock,https://www.lcsc.com/product-detail/C907758.html
C100;C101;C129,3,10uF/50V,C_1210_3225Metric (was 0603),C77102,GRM32ER71H106KA12L,muRata,1210,10uF ±10% 50V X7R 1210,0.3758,1.13,CHANGED + FOOTPRINT,Was 10uF/25V 0603 on the 24V rail. 10uF/50V does not exist in 0603 - the footprint has to go to 1210,https://www.lcsc.com/product-detail/C77102.html
C191;C192,2,47uF,C_1210_3225Metric (was 0603),C77101,GRM32ER61C476KE15L,muRata,1210,47uF ±10% 16V X5R 1210,0.4273,0.85,CHANGED + FOOTPRINT,TPS54540 output bulk. 47uF does not exist in 0603 or 0805 at >=16V - footprint has to go to 1210,https://www.lcsc.com/product-detail/C77101.html
C51;C54;C78;C83;C104;C110;C133;C139;C161;C167,10,220uF,CP_Elec_6.3x9.9,C47023115,RVT35V220M6X8,JIERR,"SMD,D6.3xL7.7mm",220uF ±20% 35V aluminium electrolytic 105C,0.1003,1.00,CHANGED,Was a 220uF 6.3V TANTALUM on the 24V rail. 35V alu elec = 69% utilisation and D6.3 fits the existing footprint. Ripple rating is 195mA@120Hz - see notes,https://www.lcsc.com/product-detail/C47023115.html
C3,1,10uF,CP_Elec_4x3,C242129,EEEFTH100UAR,Panasonic,"SMD,D4xL5.8mm",10uF ±20% 50V aluminium electrolytic 105C,0.1811,0.18,CHANGED,On VSYS (24V). Old BOM mapped this to a 6.3V 0402 ceramic - wrong voltage and wrong footprint,https://www.lcsc.com/product-detail/C242129.html
C15;C16;C18;C22;C25;C27;C32;C33,8,10uF,CP_Elec_4x3,C242129,EEEFTH100UAR,Panasonic,"SMD,D4xL5.8mm",10uF ±20% 50V aluminium electrolytic 105C,0.1811,1.45,CHANGED,On 3V3/3V3_A. Same part as C3 to keep it to one line; 50V is overkill here but simplifies ordering,https://www.lcsc.com/product-detail/C242129.html
C73,1,22uF,CP_Elec_4x3,C494818,EEEFN1E220R,Panasonic,"SMD,D4xL5.8mm",22uF ±20% 25V aluminium electrolytic 105C,0.1796,0.18,CHANGED,On VBUS (5V). Old BOM mapped this to a CASE-M tantalum and an 0603 ceramic - neither fits a D4 footprint,https://www.lcsc.com/product-detail/C494818.html
R16;R18;R20;R26;R27;R30;R35;R36;R39;R45;R46;R50;R55;R56;R60;R76,16,100K,R_0603_1608Metric,C2907088,FRC0603J104TS,FOJAN,0603,100kOhm ±5% 100mW 0603,0.0019,0.03,KEEP,TI specifies 5% or better for the GAIN divider so this is acceptable,https://www.lcsc.com/product-detail/C2907088.html
R4;R12;R67;R68;R69;R70;R71,7,10K,R_0603_1608Metric,C844918,CRCW060310K0FKEA,VISHAY,0603,10kOhm ±1% 100mW 0603,0.0057,0.04,KEEP,,https://www.lcsc.com/product-detail/C844918.html
R21;R22;R23;R24;R31;R32;R33;R34;R40;R41;R42;R43;R51;R52;R53;R54;R61;R62;R63;R64,20,3.3R,R_0805_2012Metric,C2907317,FRC0805J3R3TS,FOJAN,0805,3.3Ohm ±5% 125mW 0805,0.0037,0.07,KEEP,Zobel resistors - 125mW; worth checking against your actual switching residual,https://www.lcsc.com/product-detail/C2907317.html
R15,1,3.3R,R_0603_1608Metric,C2930016,FRC0603F3R30TS,FOJAN,0603,3.3Ohm ±1% 100mW 0603,0.0025,0.00,KEEP,VSYS snubber with C43,https://www.lcsc.com/product-detail/C2930016.html
R25;R44;R49;R59,4,100R,R_0603_1608Metric,C2906981,FRC0603F1000TS,FOJAN,0603,100Ohm ±1% 100mW 0603,0.0021,0.01,NEW,"TPA31xx SYNC series damping, master U17 to the four slaves. Replaces the 10k that formed a 15.9kHz low-pass with C127/C128/C140/C168 and blocked the 400kHz clock entirely. Those four 1nF caps are now deleted",https://www.lcsc.com/product-detail/C2906981.html
R28;R37;R47;R57,4,47K,R_0603_1608Metric,C2907042,FRC0603F4702TS,FOJAN,0603,47kOhm ±1% 100mW 0603,0.0023,0.01,KEEP,GAIN/SLV divider - slave 26dB,https://www.lcsc.com/product-detail/C2907042.html
R29;R38;R48;R58,4,75K,R_0603_1608Metric,C2907067,FRC0603F7502TS,FOJAN,0603,75kOhm ±1% 100mW 0603,0.0025,0.01,KEEP,GAIN/SLV divider - slave 26dB,https://www.lcsc.com/product-detail/C2907067.html
R5;R6;R72;R73,4,1K,R_0603_1608Metric,C2907002,FRC0603F1001TS,FOJAN,0603,1kOhm ±1% 100mW 0603,0.0014,0.01,KEEP,,https://www.lcsc.com/product-detail/C2907002.html
R1;R2,2,2.2K,R_0603_1608Metric,C2907005,FRC0603F2201TS,FOJAN,0603,2.2kOhm ±1% 100mW 0603,0.0023,0.00,KEEP,HDMI DDC pull-ups,https://www.lcsc.com/product-detail/C2907005.html
R3;R65,2,5.1K,R_0603_1608Metric,C2907044,FRC0603F5101TS,FOJAN,0603,5.1kOhm ±1% 100mW 0603,0.0023,0.00,KEEP,USB-C CC Rd. Now switched to GND through Q1 so it disconnects in host mode,https://www.lcsc.com/product-detail/C2907044.html
R7;R17,2,56K,R_0603_1608Metric,C23206,0603WAF5602T5E,UNI-ROYAL,0603,56kOhm ±1% 100mW 0603,0.0081,0.02,NEW,USB-C CC Rp - CC1/CC2 to VBUS. 56k to 5V is the Type-C value for Default USB current which matches the TPS2041B 500mA limit. Do not substitute 22k or 10k,https://www.lcsc.com/product-detail/C23206.html
Q1,1,BSS138,SOT-23,C112239,BSS138,Shikues,SOT-23,N-channel logic-level MOSFET 50V 0.2A,0.0191,0.02,NEW,Grounds the Rd common node in device mode. G to USB_OTG_ID (high in device mode via SW6) S to GND D to the R3/R65 common node. Must be logic-level - the gate only sees 3.3V,https://www.lcsc.com/product-detail/C112239.html
R19,1,20K,R_0603_1608Metric,C2907011,FRC0603F2002TS,FOJAN,0603,20kOhm ±1% 100mW 0603,0.0020,0.00,KEEP,GAIN/SLV divider - master 26dB,https://www.lcsc.com/product-detail/C2907011.html
R8;R9;R10;R11,4,470R,R_0603_1608Metric,C23179,0603WAF4700T5E,UNI-ROYAL,0603,470Ohm ±1% 100mW 0603,0.0010,0.00,CHANGED,Was BLM18PG471SN1D which is a FERRITE BEAD. This is the series R in the PCM5102A 470R+2.2nF output filter - a bead removes the filter entirely,https://www.lcsc.com/product-detail/C23179.html
R14,1,220R,R_0603_1608Metric,C22962,0603WAF2200T5E,UNI-ROYAL,0603,220Ohm ±1% 100mW 0603,0.0010,0.00,CHANGED,Was MPZ1608S221ATA00 which is a FERRITE BEAD. Needs to be a resistor to damp the WS2812B data line,https://www.lcsc.com/product-detail/C22962.html
R66,1,205K,R_0603_1608Metric,C5126104,FRC0603F2053TS,FOJAN,0603,205kOhm ±1% 100mW 0603,0.0008,0.00,NEW,TPS54540 RT/CLK - sets ~473kHz,https://www.lcsc.com/product-detail/C5126104.html
R75,1,60.4K,R_0603_1608Metric,C23089,0603WAF6042T5E,UNI-ROYAL,0603,60.4kOhm ±1% 100mW 0603,0.0009,0.00,NEW,TPS54540 feedback high side - gives 5.00V,https://www.lcsc.com/product-detail/C23089.html
R74,1,11.5K,R_0603_1608Metric,C2930057,FRC0603F1152TS,FOJAN,0603,11.5kOhm ±1% 100mW 0603,0.0009,0.00,NEW,TPS54540 feedback low side,https://www.lcsc.com/product-detail/C2930057.html
R13,1,10.7K,R_0603_1608Metric,C22857,0603WAF1072T5E,UNI-ROYAL,0603,10.7kOhm ±1% 100mW 0603,0.0010,0.00,NEW,TPS54540 COMP,https://www.lcsc.com/product-detail/C22857.html
L1;L2;L3;L4;L5;L6;L7;L8;L9;L10;L11;L12,12,10uH/10A,L_10.4x10.4_H4.8,C9935,SMDRH104R-100MT,cjiang,"SMD,10.4x10.3mm",10uH ±20% 3.8A rated / 5.6A sat / 35mOhm,0.1916,2.30,CHANGED,Was PSPMAA0805 which is 8.5x8mm and does not match the 10.4x10.4 footprint. 3.8A vs 3.5A RMS at sustained 2x50W/4ohm is tight but fine for music,https://www.lcsc.com/product-detail/C9935.html
L13;L14;L15;L16;L17;L18;L19;L20,8,10uH/3A,L_APV_ANR4020,C602032,FHD4020S-100MT,cjiang,"SMD,4x4mm",10uH ±20% 2.35A rated / 3.5A sat / 190mOhm,0.1102,0.88,CHANGED,Was ANR4020T100M at 1.2A which was under-rated against 1.37A RMS. This has 1.7x margin. 190mOhm means ~0.36W at sustained full power,https://www.lcsc.com/product-detail/C602032.html
L21,1,6.8uH/9A,L_6.3x6.3_H3,C415364,VLS6045EX-6R8M,TDK,"SMD,6x6mm",6.8uH ±20% 3.6A rated / 4.7A sat / 36mOhm,0.1262,0.13,NEW,TPS54540 output inductor. 6x6mm fits the land pattern but it is 4.5mm tall against an H3 footprint name - check clearance. 3.6A rated vs 3.6A peak at a full 3A load is tight,https://www.lcsc.com/product-detail/C415364.html
U4,1,TPS54540DDAR,CONV_TPS54540DDAR,C95286,TPS54540DDAR,Texas Instruments,SOIC-8-EP,42V 5A step-down converter,1.4638,1.46,NEW,Replaces the LM1085 linear regulator,https://www.lcsc.com/product-detail/C95286.html
CR2,1,STPS30M60DJF-TR,POWERFLAT5X6_STM,C154533,STPS30M60DJF-TR,ST,PowerFLAT(5x6),60V 30A Schottky,1.2169,1.22,NEW,TPS54540 catch diode. ONLY 18 IN STOCK - buy for all builds now or line up a second source,https://www.lcsc.com/product-detail/C154533.html
U10,1,LP5907MFX-4.5,SOT-23-5,C529554,LP5907MFX-4.5/NOPB,Texas Instruments,SOT-23-5,4.5V LDO,0.5581,0.56,NEW,Supplies the 4V5_A analog-switch rail. 254 in stock,https://www.lcsc.com/product-detail/C529554.html
U11,1,LP5907MFX-3.3,SOT-23-5,C23380874,LP5907MFX-3.3,Texas Instruments,SOT-23-5,3.3V LDO,0.1343,0.13,KEEP,Supplies 3V3_A to the two DACs,https://www.lcsc.com/product-detail/C23380874.html
U17;U18;U19,3,TPA3116D2DAD,SOP65P810X115-32N,C50144,TPA3116D2DADR,Texas Instruments,HTSSOP-32-6.1mm,2x50W@4ohm Class D amplifier,1.0619,3.19,CHANGED,Swapped from C2865736 (1.1k stock) to C50144 (33k stock) - same DAD package. NOTE the footprint still has no thermal pad - review finding B2,https://www.lcsc.com/product-detail/C50144.html
U20;U21,2,TPA3130D2DAPR,SOP65P810X115-32N,C95206,TPA3130D2DAPR,Texas Instruments,HTSSOP-32-EP-6.1mm,2x15W@8ohm Class D amplifier,0.6314,1.26,KEEP,Only 284 in stock,https://www.lcsc.com/product-detail/C95206.html
U12;U13;U15;U16;U24;U25;U26,7,TS5A3159AYZPR,Texas_DSBGA-6_0.9x1.4mm,C2651909,TS5A3159AYZPR,Texas Instruments,WCSP-6(1.4x0.9),SPDT analog switch,0.3971,2.78,KEEP,ONLY 100 IN STOCK and you need 7 per board - buy for all builds now. This DSBGA package needs ENIG not HASL,https://www.lcsc.com/product-detail/C2651909.html
U5;U14,2,PCM5102A,TSSOP-20_4.4x6.5mm,C107671,PCM5102APWR,Texas Instruments,TSSOP-20,I2S stereo DAC,1.3577,2.72,CHANGED,Swapped from C1520792 (151 stock) to the reel part C107671 (1.9k stock),https://www.lcsc.com/product-detail/C107671.html
U27,1,TPS2041B,SOT-23-5,C51386,TPS2041BDBVR,Texas Instruments,SOT-23-5,500mA current-limited power switch,0.3173,0.32,KEEP,,https://www.lcsc.com/product-detail/C51386.html
U6,1,RT9742SNGV,SOT-23-3,C3235509,RT9742SNGV,RICHTEK,SOT-23-3,500mA high-side switch,0.4386,0.44,KEEP,HDMI +5V source,https://www.lcsc.com/product-detail/C3235509.html
U8;U9,2,74LVC1G07,Package_TO_SOT_SMD:SOT-23-5 (was X2SON-5),C7829,SN74LVC1G07DBVR,Texas Instruments,SOT-23-5,Open-drain buffer 1.65-5.5V,0.1109,0.22,CHANGED + FOOTPRINT,Change the footprint to SOT-23-5 - same footprint already used by U10/U11/U27 and the symbol pin numbering is unchanged (1=NC 2=A 3=GND 4=Y 5=VCC). 64k in stock. MUST stay LVC: AHC needs VIH 3.5V at 5V and AUP maxes at 3.6V so neither works for U8. Budget alt C7394020 (UMW),https://www.lcsc.com/product-detail/C7829.html
U28,1,ESP32-WROVER-E-N16R8,ESP32-WROVER-E_EXP,C529589,ESP32-WROVER-E-N16R8,ESPRESSIF,"SMD,31.4x18mm",WiFi/BT module 16MB flash 8MB PSRAM,5.7127,5.71,KEEP,,https://www.lcsc.com/product-detail/C529589.html
U22,1,MPU-6050,InvenSense_QFN-24_4x4mm,C24112,MPU-6050,TDK InvenSense,QFN-24-EP(4x4),6-axis IMU,6.3857,6.39,KEEP,,https://www.lcsc.com/product-detail/C24112.html
U23,1,BME680,Bosch_LGA-8_3x3mm,C125972,BME680,Bosch,LGA-8,Environmental sensor,8.0629,8.06,KEEP,,https://www.lcsc.com/product-detail/C125972.html
U2;U3;U7,3,TPD4E02B04DQA,USON-10_2.5x1.0mm,C106794,TPD4E02B04DQAR,Texas Instruments,USON-10(1x2.5),4-channel ESD array,0.0996,0.30,KEEP,,https://www.lcsc.com/product-detail/C106794.html
CR1,1,SP3010-04UTG,UDFEN-10_MO229_LTF,C126837,SP3010-04UTG,Littelfuse,UFDFN-10(1x2.5),4-channel TVS array,0.2544,0.25,KEEP,,https://www.lcsc.com/product-detail/C126837.html
D1,1,SMAJ26A,Diode_SMD:D_SMA,C2848697,SMAJ26A,GOODWORK,DO-214AC(SMA),26V unidirectional TVS 400W Vbr 28.9V Vc 42.1V@9.5A,0.0333,0.03,NEW,VSYS input transient protection at J2 - cathode to VSYS anode to GND. Vbr 28.9V sits just under the TPA3116 30V abs max; the 42.1V figure is at the full 9.5A pulse and real hot-plug ringing clamps nearer 30V. NOT a hard guarantee - avalanche TVS cannot stand off 26V and clamp below 30V. MUST be paired with a series fuse (~10A slow-blow) upstream or it will fail short under sustained overvoltage; the fuse also makes it reverse-polarity protection,https://www.lcsc.com/product-detail/C2848697.html
D2;D5;D6;D7,4,WS2812B,LED_WS2812B_PLCC4_5.0x5.0mm,C52917433,WS2812B-V6,Worldsemi,SMD5050-4P,Addressable RGB LED,0.1009,0.40,KEEP - RAIL ISSUE,Datasheet minimum VDD is 3.5V and these sit on the 3.3V rail. See review B5,https://www.lcsc.com/product-detail/C52917433.html
D3;D4,2,LED,LED_0603_1608Metric,C19171394,YLED0603B,YONGYUTAI,0603,Blue LED 2.6-3.2V,0.0058,0.01,KEEP,Only ~0.4mA through 1k from 3V3 - very dim; consider 220R,https://www.lcsc.com/product-detail/C19171394.html
J1,1,SS-53200-001,STEWART_SS-53200-001,C2858275,HDMI 19PIN 043,SHOU HAN,SMD,HDMI-A receptacle right angle,0.1365,0.14,VERIFY,Footprint is drawn for the Stewart SS-53200-001 but the sourced part is SHOU HAN - confirm the land patterns match before ordering,https://www.lcsc.com/product-detail/C2858275.html
J5;J6;J7;J8;J9;J10;J11;J12;J13;J14,10,Speaker out,JST_XH_S2B-XH-A-1_1x02_P2.50mm,C157931,S2B-XH-A(LF)(SN),JST,TH Right Angle P=2.5mm,2-position 2.5mm header 3A,0.0615,0.62,KEEP - MARGINAL,Rated 3A but a 50W/4ohm woofer channel draws 3.5A RMS. See review H9,https://www.lcsc.com/product-detail/C157931.html
J15,1,USB_C_Receptacle_USB2.0_16P,USB_C_Receptacle_HCTL,C2765186,TYPE-C 16PIN 2MD(073),SHOU HAN,SMD,USB-C receptacle 16P,0.0707,0.07,KEEP,,https://www.lcsc.com/product-detail/C2765186.html
J2,1,Barrel_Jack,BarrelJack_RAPC10U_Horizontal,C3095802,RAPC10U,Switchcraft,-,Power barrel jack 1.93/5.75mm,17.0122,17.01,KEEP - VERIFY RATING,Confirm its current rating against the ~8A this board can draw at full output,https://www.lcsc.com/product-detail/C3095802.html
J3,1,UART,PinHeader_1x04_P2.54mm,C2691448,PZ254V-11-04P,XFCN,TH P=2.54mm,4-position 2.54mm header,0.0254,0.03,KEEP,,https://www.lcsc.com/product-detail/C2691448.html
SW1,1,POWER,SW_Push_1P1T_NO_CK_KSC9xxJ,C221767,KSC921JLFS,C&K,"SMD,6.2x6.2mm",Tactile switch SPST,0.7270,0.73,KEEP,,https://www.lcsc.com/product-detail/C221767.html
SW2;SW3;SW4,3,Tactile,SW_Push_1P1T-SH_NO_CK_KMR2xxG,C221675,KMR211GLFS,C&K,SMD,Tactile switch SPST-NO,0.6377,1.91,KEEP,PI_BOOT / ESP_BOOT / ESP_RESET,https://www.lcsc.com/product-detail/C221675.html
SW6,1,SW_DPDT_x2,SW_DPDT_CK_JS202011JCQN,C221665,JS202011JCQN,C&K,SMD,Slide switch DPDT 300mA@6V,1.0884,1.09,KEEP,USB host/device mode select,https://www.lcsc.com/product-detail/C221665.html
U1,1,CM4102008,MODULE_CM4102008,,CM4102008,Raspberry Pi,-,Compute Module 4,124.91,124.91,NOT ON LCSC,Source from an approved Raspberry Pi reseller. Schematic says CM4102008 but the old BOM said CM4102016 - pick one,
--,6,Woofer,-,,PLS-P830985,Peerless by Tymphany,-,3.95ohm full-range 30W driver,18.742,112.45,NOT ON LCSC - OFF BOARD,,
--,4,Tweeter,-,,ND16FA-6,Dayton Audio,-,Neodymium dome tweeter,12.47,49.88,NOT ON LCSC - OFF BOARD,,
--,1,Display,-,,24U411A-B,LG,-,23.8in IPS FHD 120Hz panel,74.53,74.53,NOT ON LCSC - OFF BOARD,,
